rank_player_1,rank_player_2,rank_player_3,rank_player_4,rank_player_5,rank_player_6,rank_player_7,rank_player_8,rank_player_9,rank_player_10,winrate_player_1,winrate_player_2,winrate_player_3,winrate_player_4,winrate_player_5,winrate_player_6,winrate_player_7,winrate_player_8,winrate_player_9,winrate_player_10,mean_kda_player_1,mean_kda_player_2,mean_kda_player_3,mean_kda_player_4,mean_kda_player_5,mean_kda_player_6,mean_kda_player_7,mean_kda_player_8,mean_kda_player_9,mean_kda_player_10,mean_gpm_player_1,mean_gpm_player_2,mean_gpm_player_3,mean_gpm_player_4,mean_gpm_player_5,mean_gpm_player_6,mean_gpm_player_7,mean_gpm_player_8,mean_gpm_player_9,mean_gpm_player_10,mean_cs_player_1,mean_cs_player_2,mean_cs_player_3,mean_cs_player_4,mean_cs_player_5,mean_cs_player_6,mean_cs_player_7,mean_cs_player_8,mean_cs_player_9,mean_cs_player_10,autofill_player_1,autofill_player_2,autofill_player_3,autofill_player_4,autofill_player_5,autofill_player_6,autofill_player_7,autofill_player_8,autofill_player_9,autofill_player_10,win
8,11,7,8,10,10,8,9,8,0,0.4946236559139785,0.5531914893617021,0.5,0.6363636363636364,0.5581395348837209,0.5555555555555556,0.45454545454545453,0.52,0.5238095238095238,0.5,1.7272727272727273,3.3846153846153846,1.8888888888888888,2.892857142857143,2.8275862068965516,2.0714285714285716,2.764705882352941,2.736842105263158,3.6333333333333333,1.25,379.18664876270856,432.17091876663017,391.2192212660816,334.9171270718232,315.2974789915966,412.89890377588307,351.9245875883739,385.2428451570803,475.326339244267,253.14187741105872,167.5,41.166666666666664,139.83333333333334,108.83333333333333,53.0,173.66666666666666,27.0,119.33333333333333,190.0,110.0,False,False,False,False,False,False,False,False,False,True,-1
8,11,7,8,10,10,8,9,8,0,0.4946236559139785,0.5531914893617021,0.5,0.6363636363636364,0.5581395348837209,0.5555555555555556,0.45454545454545453,0.52,0.5238095238095238,0.5,1.7272727272727273,3.3846153846153846,1.8888888888888888,2.892857142857143,2.8275862068965516,2.0714285714285716,2.764705882352941,2.736842105263158,3.6333333333333333,1.25,379.18664876270856,432.17091876663017,391.2192212660816,334.9171270718232,315.2974789915966,412.89890377588307,351.9245875883739,385.2428451570803,475.326339244267,253.14187741105872,167.5,41.166666666666664,139.83333333333334,108.83333333333333,53.0,173.66666666666666,27.0,119.33333333333333,190.0,110.0,False,False,False,False,False,False,False,False,False,True,-1
